<?xml version="1.0" encoding="UTF-8"?>
<project-private xmlns="http://www.netbeans.org/ns/project-private/1">
    <editor-bookmarks xmlns="http://www.netbeans.org/ns/editor-bookmarks/2" lastBookmarkId="0"/>
    <open-files xmlns="http://www.netbeans.org/ns/projectui-open-files/2">
        <group>
            <file>file:/C:/Users/Fira/OneDrive/Documents/NetBeansProjects/library/src/library/koneksi.java</file>
            <file>file:/C:/Users/Fira/OneDrive/Documents/NetBeansProjects/library/src/library/FLogin.java</file>
            <file>file:/C:/Users/Fira/OneDrive/Documents/NetBeansProjects/library/src/library/FUtamaPustakawan.java</file>
            <file>file:/C:/Users/Fira/OneDrive/Documents/NetBeansProjects/library/src/library/Library.java</file>
            <file>file:/C:/Users/Fira/OneDrive/Documents/NetBeansProjects/library/src/library/FDataPeminjaman.java</file>
            <file>file:/C:/Users/Fira/OneDrive/Documents/NetBeansProjects/library/src/library/FDataBuku.java</file>
            <file>file:/C:/Users/Fira/OneDrive/Documents/NetBeansProjects/library/src/library/FDataAnggota.java</file>
        </group>
    </open-files>
</project-private>
